entry_id,verify,repo_url,commit,field_path,file,line,code,desc,reason,details
entry-00082,1,https://github.com/n8n-io/n8n,008cd8d08369ad188625fb5efaa6fa3707c1548e,trace[1],packages/workflow/src/expression.ts,205,		},此闭合括号位于 Expression 类内部某一条件分支结构的末尾，是控制流完成局部判断后向调用栈下游延续的切换点。随后执行路径在 Expression 类内部继续向前推进，从辅助性的类型处理逻辑过渡到负责驱动表达式求值的核心方法；在漏洞链路中，此节点充当从上游辅助逻辑向 resolveSimpleParameterValue 调用路径收敛的中间过渡。,multiple_matches,"candidate_count=4; candidates=[{""file"": "".bundlemonrc.json"", ""line"": 11, ""code_preview"": ""\t\t\t}""}, {""file"": "".bundlemonrc.json"", ""line"": 18, ""code_preview"": ""\t\t}""}, {""file"": "".bundlemonrc.json"", ""line"": 28, ""code_preview"": ""\t\t}""}, {""file"": "".bundlemonrc.json"", ""line"": 30, ""code_preview"": ""}""}]"
entry-00103,0,https://github.com/n8n-io/n8n,57d6015f2ea0442c24e0449105325b7e36f066df,entry_point,packages/cli/src/webhooks/webhook-helpers.ts,615,		},webhook-helpers.ts 第 615 行是 streaming 分支代码块的结束边界，标志着 res 对象已被完整写入 runData.httpResponse 并将 didSendResponse 置为 true。此时响应对象携带的 content-type 值——包括任何首尾空白字符——已无条件进入后续处理流程，构成污染链路的起始入口；任何对该头部值的校验缺失均会在下游持续传播。,multiple_matches,"candidate_count=4; candidates=[{""file"": "".bundlemonrc.json"", ""line"": 11, ""code_preview"": ""\t\t\t}""}, {""file"": "".bundlemonrc.json"", ""line"": 18, ""code_preview"": ""\t\t}""}, {""file"": "".bundlemonrc.json"", ""line"": 28, ""code_preview"": ""\t\t}""}, {""file"": "".bundlemonrc.json"", ""line"": 30, ""code_preview"": ""}""}]"
entry-00103,0,https://github.com/n8n-io/n8n,57d6015f2ea0442c24e0449105325b7e36f066df,trace[0],packages/cli/src/webhooks/webhook-helpers.ts,615,		},trace 链路的第 0 节点，以 webhook-helpers.ts 第 615 行的代码块闭合边界为锚点，代表 streaming 分支执行完毕后 runData 已持有 res 引用的起始状态。从此节点出发，调用栈向下游依次流经 setResponseHeaders() 与 isHtmlRenderedContentType()，是整条调用链的起始锚定点。,multiple_matches,"candidate_count=4; candidates=[{""file"": "".bundlemonrc.json"", ""line"": 11, ""code_preview"": ""\t\t\t}""}, {""file"": "".bundlemonrc.json"", ""line"": 18, ""code_preview"": ""\t\t}""}, {""file"": "".bundlemonrc.json"", ""line"": 28, ""code_preview"": ""\t\t}""}, {""file"": "".bundlemonrc.json"", ""line"": 30, ""code_preview"": ""}""}]"
entry-00142,1,https://github.com/openclaw/openclaw,aa2eb48b9c0fe63aa7b8be6329869d3a2539c446,critical_operation,extensions/twitch/src/access-control.ts,68,    },allowFrom.includes(senderId) 判断为假后，控制流到达 allowFrom 校验块的闭合位置，但此处缺少显式拒绝返回语句，执行直接穿透到块外。这是漏洞的核心缺陷点：白名单校验在发送者未命中时未能终止授权流程，使后续兜底逻辑得以被到达。,multiple_matches,"candidate_count=7; candidates=[{""file"": "".github/workflows/auto-response.yml"", ""line"": 74, ""code_preview"": ""              }""}, {""file"": "".github/workflows/auto-response.yml"", ""line"": 75, ""code_preview"": ""            }""}, {""file"": "".github/workflows/auto-response.yml"", ""line"": 80, ""code_preview"": ""            }""}, {""file"": "".github/workflows/auto-response.yml"", ""line"": 85, ""code_preview"": ""            }""}, {""file"": "".github/workflows/auto-response.yml"", ""line"": 90, ""code_preview"": ""            }""}, {""file"": "".github/workflows/auto-response.yml"", ""line"": 106, ""code_preview"": ""            }""}, {""file"": "".github/workflows/auto-response.yml"", ""line"": 115, ""code_preview"": ""            }""}]"
entry-00142,1,https://github.com/openclaw/openclaw,aa2eb48b9c0fe63aa7b8be6329869d3a2539c446,trace[3],extensions/twitch/src/access-control.ts,68,    },从 allowFrom.includes 条件块流向该块末尾的闭合位置，是白名单校验路径在未命中情形下的执行终点。此处控制流退出内层 if 块，缺失的显式拒绝返回使执行继续向下穿透，整个 allowFrom 保护区域在此失效，为后续兜底逻辑的到达铺开了路径。,multiple_matches,"candidate_count=7; candidates=[{""file"": "".github/workflows/auto-response.yml"", ""line"": 74, ""code_preview"": ""              }""}, {""file"": "".github/workflows/auto-response.yml"", ""line"": 75, ""code_preview"": ""            }""}, {""file"": "".github/workflows/auto-response.yml"", ""line"": 80, ""code_preview"": ""            }""}, {""file"": "".github/workflows/auto-response.yml"", ""line"": 85, ""code_preview"": ""            }""}, {""file"": "".github/workflows/auto-response.yml"", ""line"": 90, ""code_preview"": ""            }""}, {""file"": "".github/workflows/auto-response.yml"", ""line"": 106, ""code_preview"": ""            }""}, {""file"": "".github/workflows/auto-response.yml"", ""line"": 115, ""code_preview"": ""            }""}]"
entry-00164,1,https://github.com/openclaw/openclaw,3b56a6252bbc4dcf3d3c68a5e3cbb0e1162e58a9,trace[0],src/browser/routes/basic.ts,7,export function registerBrowserBasicRoutes(...) {,registerBrowserBasicRoutes 在桥接服务器启动阶段被上游初始化逻辑调用，负责向 app 实例挂载 GET /profiles 路由处理器；这里是调用栈从服务器初始化层流入路由注册层的起点。由于外层调用方从未传入认证令牌，认证中间件在此之前已经缺失，随后注册的每条路由均在无保护状态下暴露，为漏洞链路中后续所有未授权访问奠定了基础。,no_match,candidate_count=0; candidates=[]
entry-00185,0,https://github.com/n8n-io/n8n,538181cbe32a92616df5e00d7ffaf4d568557f4f,critical_operation,packages/core/src/execution-engine/node-execution-context/utils/file-system-helper-functions.ts,48,},resolvePath() 函数的闭合括号标志着路径规范化流程在此处完成并向调用方返回结果。该函数仅负责路径解析与规范化，不对 .git 目录做任何拦截；因此当 isFilePathBlocked() 已放行目标路径后，resolvePath() 在此处将规范化完毕的 .git/config 绝对路径无障碍地输送至 writeContentToFile，成为恶意内容写入磁盘的最终通道。,multiple_matches,"candidate_count=4; candidates=[{""file"": "".bundlemonrc.json"", ""line"": 11, ""code_preview"": ""\t\t\t}""}, {""file"": "".bundlemonrc.json"", ""line"": 18, ""code_preview"": ""\t\t}""}, {""file"": "".bundlemonrc.json"", ""line"": 28, ""code_preview"": ""\t\t}""}, {""file"": "".bundlemonrc.json"", ""line"": 30, ""code_preview"": ""}""}]"
entry-00185,0,https://github.com/n8n-io/n8n,538181cbe32a92616df5e00d7ffaf4d568557f4f,trace[3],packages/core/src/execution-engine/node-execution-context/utils/file-system-helper-functions.ts,48,},承接 isFilePathBlocked() 返回 false 的放行信号，resolvePath() 完成路径规范化并在此闭合括号处退出，将已解析的 .git/config 绝对路径作为返回值交回 writeContentToFile 的调用上下文。至此路径既已规范化又未受任何安全过滤，随即被直接写入磁盘，完成恶意 Git 配置的植入。,multiple_matches,"candidate_count=4; candidates=[{""file"": "".bundlemonrc.json"", ""line"": 11, ""code_preview"": ""\t\t\t}""}, {""file"": "".bundlemonrc.json"", ""line"": 18, ""code_preview"": ""\t\t}""}, {""file"": "".bundlemonrc.json"", ""line"": 28, ""code_preview"": ""\t\t}""}, {""file"": "".bundlemonrc.json"", ""line"": 30, ""code_preview"": ""}""}]"
entry-00190,1,https://github.com/n8n-io/n8n,3af9095245be3aaad6bc16622f379f79c6c6068f,trace[2],packages/cli/src/webhooks/webhook-request-handler.ts,167,) {,sendLegacyResponse 函数签名的闭括号处为函数体入口，函数在此正式接收来自 helpers 层的全部调用参数，其中包括源自工作流节点配置的 responseHeader。在调用栈下游，函数体将对 responseHeader 进行存在性检查，并据此决定是否触发 setResponseHeaders 将头键值对写入 Express 响应。,multiple_matches,"candidate_count=3; candidates=[{""file"": "".github/scripts/cleanup-ghcr-images.mjs"", ""line"": 133, ""code_preview"": ""\t\t\t\t) {""}, {""file"": ""packages/@n8n/ai-utilities/README.md"", ""line"": 155, ""code_preview"": ""  ) {""}, {""file"": ""packages/@n8n/ai-utilities/README.md"", ""line"": 370, ""code_preview"": ""  ) {""}]"
entry-00191,1,https://github.com/n8n-io/n8n,3af9095245be3aaad6bc16622f379f79c6c6068f,trace[1],packages/nodes-base/nodes/Form/utils/utils.ts,135,		},随后，hiddenField 条件处理块在此闭合，将从 fieldLabel 赋值路径归并至 return field 语句；从 caller 流向 callee 的视角看，此步骤是 hiddenField 处理单元的内部出口边界。html 字段的宽松 sanitizeHtml 调用与 field.html 赋值已在上游 130 行完成；该闭合符在 map 回调内将两类字段的处理路径在代码结构上显式分隔，标志着字段类型路由阶段的局部终结。,multiple_matches,"candidate_count=2; candidates=[{""file"": "".claude/README.md"", ""line"": 30, ""code_preview"": ""  }""}, {""file"": "".claude/README.md"", ""line"": 31, ""code_preview"": ""}""}]"
entry-00191,1,https://github.com/n8n-io/n8n,3af9095245be3aaad6bc16622f379f79c6c6068f,trace[2],packages/nodes-base/nodes/Form/utils/utils.ts,139,};,在调用栈下游，prepareFormFields 箭头函数整体在此闭合，将 map 处理后的字段数组返回给调用方，完成函数执行上下文的退出。在漏洞路径上，html 字段经宽松白名单过滤写入 field.html 的核心 sink 操作全部在函数体内完成；此步骤是从函数内部流向模块作用域的过渡边界，随后控制流进入 sanitizeCustomCss 等独立函数的声明区域，标志着字段预处理阶段的终结。,multiple_matches,"candidate_count=2; candidates=[{""file"": "".github/scripts/cleanup-ghcr-images.mjs"", ""line"": 58, ""code_preview"": ""};""}, {""file"": "".github/scripts/cleanup-ghcr-images.mjs"", ""line"": 63, ""code_preview"": ""};""}]"
entry-00193,1,https://github.com/openclaw/openclaw,bc507080577c620243617e8fadd294bec3efa252,entry_point,src/agents/apply-patch.ts,84,"export function createApplyPatchTool(options): AgentTool<typeof applyPatchSchema, ApplyPatchToolDetails> { // Agent 工具注册点，patch 文本由 AI 或外部输入提供",createApplyPatchTool 接收 options 配置（cwd、sandbox、workspaceOnly 等）并返回绑定了 applyPatchSchema 的 AgentTool 对象，是 apply-patch 工具的注册函数。该函数是外部调用方（AI 或用户）提供的 patch 内容进入文件写入管道的声明入口——通过此处注册的工具接口，任何能调用该 Agent 的调用方均可将包含目标路径与 hunk 内容的 patch 传递给下游执行链，最终触及含 TOCTOU 竞争窗口的底层写入逻辑。,no_match,candidate_count=0; candidates=[]
entry-00193,1,https://github.com/openclaw/openclaw,bc507080577c620243617e8fadd294bec3efa252,critical_operation,src/infra/fs-safe.ts,225,"handle = await fs.open(ioPath, OPEN_WRITE_FLAGS, 0o600); // 含 O_TRUNC，截断在边界校验之前发生",fs.open 以包含 O_TRUNC 标志的 OPEN_WRITE_FLAGS 打开 ioPath（文件权限 0o600），在同一系统调用中立即完成文件截断。身份验证与根目录边界校验位于此调用之后（第 237-258 行），形成先截后验的时序——若在前序 realpath 检查通过后到本调用执行前，路径中的符号链接被替换为指向根目录外的目标，则 O_TRUNC 将不可逆地截断该目标文件，即使随后检测到异常并抛出错误，已完成的截断操作也无法回滚。,no_match,candidate_count=0; candidates=[]
entry-00274,1,https://github.com/Tencent/WeKnora,10b6c98078dc5206c8fd00d3eebe5535a7571eb4,trace[3],internal/handler/tenant.go,251,,第 251 行为空行，是 handler 从提取上下文到调用服务层之间的代码过渡位置。在漏洞修复语义上，该位置正是应当插入租户归属校验逻辑的节点，其空白状态直接体现了缺失显式约束这一根因，在漏洞链路中标记了从上下文携带凭据到服务层调用之间的防御空缺。,no_match,candidate_count=0; candidates=[]
entry-00290,0,https://github.com/openclaw/openclaw,8b5ebff67ba16bb68e26a2a0a22ed9556800009d,trace[3],src/agents/apply-patch.ts,281,    ? (,apply-patch.ts 第 281 行处的条件分支（三元运算符真值侧）承接 resolvePatchPath 返回的 target，依据操作类型将路径路由至含 assertNoPathAliasEscape 调用的沙箱边界断言子流程，构成从路径解析层流向沙箱校验层的衔接节点。此处决定了悬空符号链接路径能否到达下游的 fail-open 边界检查。,multiple_matches,"candidate_count=2; candidates=[{""file"": ""src/agents/apply-patch.ts"", ""line"": 281, ""code_preview"": ""    ? (""}, {""file"": ""src/auto-reply/reply/dispatch-acp.ts"", ""line"": 259, ""code_preview"": ""      ? (""}]"
entry-00298,1,https://github.com/openclaw/openclaw,fda49658183dc1afee48143f4de47dedc7590966,entry_point,src/auto-reply/reply/commands-config.ts,126,};,"在 handleConfigCommand 的 show 子路径中，第 126 行的 }; 收束了按路径查询后构建的条件返回块。该行所在的外层函数 handleConfigCommand 是 /config 命令的对外接收入口，仅以 rejectUnauthorizedCommand(params, ""/config"") 作为唯一权限门卫，只验证 isAuthorizedSender 即放行；show 分支在此退出后，set/unset 写入路径同样缺失 senderIsOwner 校验，使 handleConfigCommand 成为本漏洞链路中可被 command-authorized 非 owner 用户利用的特权入口之一。",multiple_matches,"candidate_count=7; candidates=[{""file"": "".github/workflows/auto-response.yml"", ""line"": 109, ""code_preview"": ""            };""}, {""file"": "".github/workflows/auto-response.yml"", ""line"": 114, ""code_preview"": ""            };""}, {""file"": "".github/workflows/auto-response.yml"", ""line"": 137, ""code_preview"": ""            };""}, {""file"": "".github/workflows/auto-response.yml"", ""line"": 158, ""code_preview"": ""            };""}, {""file"": "".github/workflows/auto-response.yml"", ""line"": 205, ""code_preview"": ""            };""}, {""file"": "".github/workflows/auto-response.yml"", ""line"": 230, ""code_preview"": ""            };""}, {""file"": "".github/workflows/auto-response.yml"", ""line"": 262, ""code_preview"": ""            };""}]"
entry-00298,1,https://github.com/openclaw/openclaw,fda49658183dc1afee48143f4de47dedc7590966,trace[0],src/auto-reply/reply/commands-config.ts,134,"const unauthorized = rejectUnauthorizedCommand(params, ""/debug""); // 仅校验 isAuthorizedSender；通过后未继续校验 senderIsOwner","handleDebugCommand 在进入 action 分支之前调用 rejectUnauthorizedCommand(params, ""/debug"")，将返回值赋给 unauthorized。该调用是 /debug 命令路径上唯一的权限关卡：函数内部只判断 params.command.isAuthorizedSender 为真即返回 null 放行，未读取 senderIsOwner 字段，从而将调用流直接导向后续的 show/set/reset/unset 分支，是漏洞链路中权限检查不完整的关键节点。",no_match,candidate_count=0; candidates=[]
entry-00300,1,https://github.com/openclaw/openclaw,fda49658183dc1afee48143f4de47dedc7590966,entry_point,src/auto-reply/reply/commands-config.ts,126,};,handleConfigCommand 是处理 /config 命令的异步处理函数，接收携带发送者身份字段的 params 参数，在函数体内依次完成授权检查、action 分派与数据读写。在漏洞链路中，此处是外部可控命令请求进入特权操作域的起点，params.command 所携带的 isAuthorizedSender 与 senderIsOwner 字段将在后续校验步骤中被不完整地使用。,multiple_matches,"candidate_count=7; candidates=[{""file"": "".github/workflows/auto-response.yml"", ""line"": 109, ""code_preview"": ""            };""}, {""file"": "".github/workflows/auto-response.yml"", ""line"": 114, ""code_preview"": ""            };""}, {""file"": "".github/workflows/auto-response.yml"", ""line"": 137, ""code_preview"": ""            };""}, {""file"": "".github/workflows/auto-response.yml"", ""line"": 158, ""code_preview"": ""            };""}, {""file"": "".github/workflows/auto-response.yml"", ""line"": 205, ""code_preview"": ""            };""}, {""file"": "".github/workflows/auto-response.yml"", ""line"": 230, ""code_preview"": ""            };""}, {""file"": "".github/workflows/auto-response.yml"", ""line"": 262, ""code_preview"": ""            };""}]"
entry-00301,1,https://github.com/openclaw/openclaw,3caab9260cb0a0064e6a37b2de3bedc8a547e599,entry_point,src/agents/sandbox/fs-bridge.ts,103,  },readFile 方法的闭合括号，标志着只读安全路径的终结；紧随其后的 writeFile 方法正是含 TOCTOU 漏洞的写入入口，调用链从此处开始步入危险区域。,multiple_matches,"candidate_count=51; candidates=[{""file"": "".github/workflows/auto-response.yml"", ""line"": 119, ""code_preview"": ""              }""}, {""file"": "".github/workflows/auto-response.yml"", ""line"": 128, ""code_preview"": ""              }""}, {""file"": "".github/workflows/auto-response.yml"", ""line"": 133, ""code_preview"": ""                }""}, {""file"": "".github/workflows/auto-response.yml"", ""line"": 134, ""code_preview"": ""              }""}, {""file"": "".github/workflows/auto-response.yml"", ""line"": 148, ""code_preview"": ""                }""}, {""file"": "".github/workflows/auto-response.yml"", ""line"": 156, ""code_preview"": ""              }""}, {""file"": "".github/workflows/auto-response.yml"", ""line"": 162, ""code_preview"": ""              }""}, {""file"": "".github/workflows/auto-response.yml"", ""line"": 168, ""code_preview"": ""              }""}, {""file"": "".github/workflows/auto-response.yml"", ""line"": 176, ""code_preview"": ""                }""}, {""file"": "".github/workflows/auto-response.yml"", ""line"": 179, ""code_preview"": ""                }""}, {""file"": "".github/workflows/auto-response.yml"", ""line"": 191, ""code_preview"": ""                  }""}, {""file"": "".github/workflows/auto-response.yml"", ""line"": 192, ""code_preview"": ""                }""}, {""file"": "".github/workflows/auto-response.yml"", ""line"": 193, ""code_preview"": ""              }""}, {""file"": "".github/workflows/auto-response.yml"", ""line"": 203, ""code_preview"": ""              }""}, {""file"": "".github/workflows/auto-response.yml"", ""line"": 209, ""code_preview"": ""              }""}, {""file"": "".github/workflows/auto-response.yml"", ""line"": 213, ""code_preview"": ""              }""}, {""file"": "".github/workflows/auto-response.yml"", ""line"": 225, ""code_preview"": ""                }""}, {""file"": "".github/workflows/auto-response.yml"", ""line"": 226, ""code_preview"": ""              }""}, {""file"": "".github/workflows/auto-response.yml"", ""line"": 234, ""code_preview"": ""              }""}, {""file"": "".github/workflows/auto-response.yml"", ""line"": 238, ""code_preview"": ""              }""}, {""file"": "".github/workflows/auto-response.yml"", ""line"": 244, ""code_preview"": ""              }""}, {""file"": "".github/workflows/auto-response.yml"", ""line"": 249, ""code_preview"": ""              }""}, {""file"": "".github/workflows/auto-response.yml"", ""line"": 252, ""code_preview"": ""              }""}, {""file"": "".github/workflows/auto-response.yml"", ""line"": 258, ""code_preview"": ""                }""}, {""file"": "".github/workflows/auto-response.yml"", ""line"": 259, ""code_preview"": ""              }""}, {""file"": "".github/workflows/auto-response.yml"", ""line"": 269, ""code_preview"": ""            }""}, {""file"": "".github/workflows/auto-response.yml"", ""line"": 284, ""code_preview"": ""              }""}, {""file"": "".github/workflows/auto-response.yml"", ""line"": 291, ""code_preview"": ""              }""}, {""file"": "".github/workflows/auto-response.yml"", ""line"": 301, ""code_preview"": ""              }""}, {""file"": "".github/workflows/auto-response.yml"", ""line"": 310, ""code_preview"": ""              }""}, {""file"": "".github/workflows/auto-response.yml"", ""line"": 312, ""code_preview"": ""            }""}, {""file"": "".github/workflows/auto-response.yml"", ""line"": 330, ""code_preview"": ""                }""}, {""file"": "".github/workflows/auto-response.yml"", ""line"": 333, ""code_preview"": ""              }""}, {""file"": "".github/workflows/auto-response.yml"", ""line"": 334, ""code_preview"": ""            }""}, {""file"": "".github/workflows/auto-response.yml"", ""line"": 349, ""code_preview"": ""                }""}, {""file"": "".github/workflows/auto-response.yml"", ""line"": 350, ""code_preview"": ""              }""}, {""file"": "".github/workflows/auto-response.yml"", ""line"": 351, ""code_preview"": ""            }""}, {""file"": "".github/workflows/auto-response.yml"", ""line"": 356, ""code_preview"": ""            }""}, {""file"": "".github/workflows/auto-response.yml"", ""line"": 373, ""code_preview"": ""              }""}, {""file"": "".github/workflows/auto-response.yml"", ""line"": 382, ""code_preview"": ""              }""}, {""file"": "".github/workflows/auto-response.yml"", ""line"": 391, ""code_preview"": ""              }""}, {""file"": "".github/workflows/auto-response.yml"", ""line"": 392, ""code_preview"": ""            }""}, {""file"": "".github/workflows/auto-response.yml"", ""line"": 414, ""code_preview"": ""              }""}, {""file"": "".github/workflows/auto-response.yml"", ""line"": 430, ""code_preview"": ""              }""}, {""file"": "".github/workflows/auto-response.yml"", ""line"": 439, ""code_preview"": ""              }""}, {""file"": "".github/workflows/auto-response.yml"", ""line"": 440, ""code_preview"": ""            }""}, {""file"": "".github/workflows/auto-response.yml"", ""line"": 451, ""code_preview"": ""            }""}, {""file"": "".github/workflows/auto-response.yml"", ""line"": 455, ""code_preview"": ""            }""}, {""file"": "".github/workflows/auto-response.yml"", ""line"": 460, ""code_preview"": ""            }""}, {""file"": "".github/workflows/auto-response.yml"", ""line"": 478, ""code_preview"": ""            }""}, {""file"": "".github/workflows/auto-response.yml"", ""line"": 487, ""code_preview"": ""            }""}]"
entry-00301,1,https://github.com/openclaw/openclaw,3caab9260cb0a0064e6a37b2de3bedc8a547e599,trace[0],src/agents/sandbox/fs-bridge.ts,103,  },调用链追踪的起始锚点，定位在 readFile 方法体末尾；以此为起点，向下游追踪 writeFile 的参数构造与临时路径写入流程，记录外部可控输入如何逐步流向存在竞争窗口的文件系统操作。,multiple_matches,"candidate_count=51; candidates=[{""file"": "".github/workflows/auto-response.yml"", ""line"": 119, ""code_preview"": ""              }""}, {""file"": "".github/workflows/auto-response.yml"", ""line"": 128, ""code_preview"": ""              }""}, {""file"": "".github/workflows/auto-response.yml"", ""line"": 133, ""code_preview"": ""                }""}, {""file"": "".github/workflows/auto-response.yml"", ""line"": 134, ""code_preview"": ""              }""}, {""file"": "".github/workflows/auto-response.yml"", ""line"": 148, ""code_preview"": ""                }""}, {""file"": "".github/workflows/auto-response.yml"", ""line"": 156, ""code_preview"": ""              }""}, {""file"": "".github/workflows/auto-response.yml"", ""line"": 162, ""code_preview"": ""              }""}, {""file"": "".github/workflows/auto-response.yml"", ""line"": 168, ""code_preview"": ""              }""}, {""file"": "".github/workflows/auto-response.yml"", ""line"": 176, ""code_preview"": ""                }""}, {""file"": "".github/workflows/auto-response.yml"", ""line"": 179, ""code_preview"": ""                }""}, {""file"": "".github/workflows/auto-response.yml"", ""line"": 191, ""code_preview"": ""                  }""}, {""file"": "".github/workflows/auto-response.yml"", ""line"": 192, ""code_preview"": ""                }""}, {""file"": "".github/workflows/auto-response.yml"", ""line"": 193, ""code_preview"": ""              }""}, {""file"": "".github/workflows/auto-response.yml"", ""line"": 203, ""code_preview"": ""              }""}, {""file"": "".github/workflows/auto-response.yml"", ""line"": 209, ""code_preview"": ""              }""}, {""file"": "".github/workflows/auto-response.yml"", ""line"": 213, ""code_preview"": ""              }""}, {""file"": "".github/workflows/auto-response.yml"", ""line"": 225, ""code_preview"": ""                }""}, {""file"": "".github/workflows/auto-response.yml"", ""line"": 226, ""code_preview"": ""              }""}, {""file"": "".github/workflows/auto-response.yml"", ""line"": 234, ""code_preview"": ""              }""}, {""file"": "".github/workflows/auto-response.yml"", ""line"": 238, ""code_preview"": ""              }""}, {""file"": "".github/workflows/auto-response.yml"", ""line"": 244, ""code_preview"": ""              }""}, {""file"": "".github/workflows/auto-response.yml"", ""line"": 249, ""code_preview"": ""              }""}, {""file"": "".github/workflows/auto-response.yml"", ""line"": 252, ""code_preview"": ""              }""}, {""file"": "".github/workflows/auto-response.yml"", ""line"": 258, ""code_preview"": ""                }""}, {""file"": "".github/workflows/auto-response.yml"", ""line"": 259, ""code_preview"": ""              }""}, {""file"": "".github/workflows/auto-response.yml"", ""line"": 269, ""code_preview"": ""            }""}, {""file"": "".github/workflows/auto-response.yml"", ""line"": 284, ""code_preview"": ""              }""}, {""file"": "".github/workflows/auto-response.yml"", ""line"": 291, ""code_preview"": ""              }""}, {""file"": "".github/workflows/auto-response.yml"", ""line"": 301, ""code_preview"": ""              }""}, {""file"": "".github/workflows/auto-response.yml"", ""line"": 310, ""code_preview"": ""              }""}, {""file"": "".github/workflows/auto-response.yml"", ""line"": 312, ""code_preview"": ""            }""}, {""file"": "".github/workflows/auto-response.yml"", ""line"": 330, ""code_preview"": ""                }""}, {""file"": "".github/workflows/auto-response.yml"", ""line"": 333, ""code_preview"": ""              }""}, {""file"": "".github/workflows/auto-response.yml"", ""line"": 334, ""code_preview"": ""            }""}, {""file"": "".github/workflows/auto-response.yml"", ""line"": 349, ""code_preview"": ""                }""}, {""file"": "".github/workflows/auto-response.yml"", ""line"": 350, ""code_preview"": ""              }""}, {""file"": "".github/workflows/auto-response.yml"", ""line"": 351, ""code_preview"": ""            }""}, {""file"": "".github/workflows/auto-response.yml"", ""line"": 356, ""code_preview"": ""            }""}, {""file"": "".github/workflows/auto-response.yml"", ""line"": 373, ""code_preview"": ""              }""}, {""file"": "".github/workflows/auto-response.yml"", ""line"": 382, ""code_preview"": ""              }""}, {""file"": "".github/workflows/auto-response.yml"", ""line"": 391, ""code_preview"": ""              }""}, {""file"": "".github/workflows/auto-response.yml"", ""line"": 392, ""code_preview"": ""            }""}, {""file"": "".github/workflows/auto-response.yml"", ""line"": 414, ""code_preview"": ""              }""}, {""file"": "".github/workflows/auto-response.yml"", ""line"": 430, ""code_preview"": ""              }""}, {""file"": "".github/workflows/auto-response.yml"", ""line"": 439, ""code_preview"": ""              }""}, {""file"": "".github/workflows/auto-response.yml"", ""line"": 440, ""code_preview"": ""            }""}, {""file"": "".github/workflows/auto-response.yml"", ""line"": 451, ""code_preview"": ""            }""}, {""file"": "".github/workflows/auto-response.yml"", ""line"": 455, ""code_preview"": ""            }""}, {""file"": "".github/workflows/auto-response.yml"", ""line"": 460, ""code_preview"": ""            }""}, {""file"": "".github/workflows/auto-response.yml"", ""line"": 478, ""code_preview"": ""            }""}, {""file"": "".github/workflows/auto-response.yml"", ""line"": 487, ""code_preview"": ""            }""}]"
entry-00311,1,https://github.com/jlowin/fastmcp,6bade1cbd973cbbbca26a84ed7c4cc58ecfda5b3,entry_point,src/fastmcp/server/auth/oauth_proxy.py,625,"def __init__(
    self,
    *,
    upstream_authorization_endpoint: str,
    upstream_token_endpoint: str,
    upstream_client_id: str,
    upstream_client_secret: str,
    upstream_revocation_endpoint: str | None = None,
    token_verifier: TokenVerifier,
    base_url: AnyHttpUrl | str,
    redirect_path: str | None = None,
    ...",OAuthProxy.__init__ 接收 base_url 参数并将其保存为实例属性，作为后续所有 JWT 签发操作的基础 URL。这是漏洞链的起点：base_url 在初始化阶段被静态捕获，随后被直接用于构造 JWTIssuer 的 audience 字段，而非等待运行时各 MCP server 实际注册时所提供的资源地址。,no_match,candidate_count=0; candidates=[]
entry-00311,1,https://github.com/jlowin/fastmcp,6bade1cbd973cbbbca26a84ed7c4cc58ecfda5b3,critical_operation,src/fastmcp/server/auth/oauth_proxy.py,808,"self._jwt_issuer: JWTIssuer = JWTIssuer(
    issuer=str(self.base_url),
    audience=f""{str(self.base_url).rstrip(""/"")}/mcp"",
    signing_key=jwt_signing_key,
)",self._jwt_issuer 在 __init__ 内被构造，audience 固定为 base_url 末尾拼接 /mcp 的字符串。此静态绑定使得同一 OAuthProxy 代理下所有 MCP server 共享相同的 JWT audience，令 token 可在不同 server 间重放。在漏洞链中，这是核心缺陷所在：audience 应在各 MCP server 注册并提供实际 resource URL 之后动态设定，而非在代理实例化阶段一次性固化。,no_match,candidate_count=0; candidates=[]
entry-00311,1,https://github.com/jlowin/fastmcp,6bade1cbd973cbbbca26a84ed7c4cc58ecfda5b3,trace[1],src/fastmcp/server/auth/oauth_proxy.py,1635,"def get_routes(
    self,
    mcp_path: str | None = None,
) -> list[Route]:
    """"""Get OAuth routes with custom handlers for better error UX.""""""
    # Get standard OAuth routes from parent class
    routes = super().get_routes(mcp_path)",OAuthProxy.get_routes() 覆盖父类方法并接收 mcp_path，但函数体内仅将参数透传给 super().get_routes()，从未依据 mcp_path 重建或更新 _jwt_issuer 的 audience。在调用栈下游，此处是应修复漏洞的关键位置：正确实现需要在此处以 mcp_path 导出实际 resource URL 并重新绑定 audience，而该逻辑在此版本完全缺失。,no_match,candidate_count=0; candidates=[]
entry-00312,1,https://github.com/openclaw/openclaw,ae1a1fccfeac598a747a9b4a6c9871c93061229c,trace[2],src/infra/device-bootstrap.ts,117,},deviceId/publicKey/role 非空守卫块的关闭花括号标志该参数完整性校验通过。执行流越过此处后流向 deviceId 与 publicKey 绑定一致性检查阶段；令牌未被消费的语义此时尚未体现，但通过此边界意味着调用方已提供所有必要参数，随后进入身份绑定验证层。,multiple_matches,"candidate_count=53; candidates=[{""file"": "".github/workflows/auto-response.yml"", ""line"": 123, ""code_preview"": ""              }""}, {""file"": "".github/workflows/auto-response.yml"", ""line"": 132, ""code_preview"": ""              }""}, {""file"": "".github/workflows/auto-response.yml"", ""line"": 137, ""code_preview"": ""                }""}, {""file"": "".github/workflows/auto-response.yml"", ""line"": 138, ""code_preview"": ""              }""}, {""file"": "".github/workflows/auto-response.yml"", ""line"": 152, ""code_preview"": ""                }""}, {""file"": "".github/workflows/auto-response.yml"", ""line"": 160, ""code_preview"": ""              }""}, {""file"": "".github/workflows/auto-response.yml"", ""line"": 166, ""code_preview"": ""              }""}, {""file"": "".github/workflows/auto-response.yml"", ""line"": 172, ""code_preview"": ""              }""}, {""file"": "".github/workflows/auto-response.yml"", ""line"": 180, ""code_preview"": ""                }""}, {""file"": "".github/workflows/auto-response.yml"", ""line"": 183, ""code_preview"": ""                }""}, {""file"": "".github/workflows/auto-response.yml"", ""line"": 195, ""code_preview"": ""                  }""}, {""file"": "".github/workflows/auto-response.yml"", ""line"": 196, ""code_preview"": ""                }""}, {""file"": "".github/workflows/auto-response.yml"", ""line"": 197, ""code_preview"": ""              }""}, {""file"": "".github/workflows/auto-response.yml"", ""line"": 207, ""code_preview"": ""              }""}, {""file"": "".github/workflows/auto-response.yml"", ""line"": 213, ""code_preview"": ""              }""}, {""file"": "".github/workflows/auto-response.yml"", ""line"": 217, ""code_preview"": ""              }""}, {""file"": "".github/workflows/auto-response.yml"", ""line"": 229, ""code_preview"": ""                }""}, {""file"": "".github/workflows/auto-response.yml"", ""line"": 230, ""code_preview"": ""              }""}, {""file"": "".github/workflows/auto-response.yml"", ""line"": 238, ""code_preview"": ""              }""}, {""file"": "".github/workflows/auto-response.yml"", ""line"": 242, ""code_preview"": ""              }""}, {""file"": "".github/workflows/auto-response.yml"", ""line"": 248, ""code_preview"": ""              }""}, {""file"": "".github/workflows/auto-response.yml"", ""line"": 253, ""code_preview"": ""              }""}, {""file"": "".github/workflows/auto-response.yml"", ""line"": 256, ""code_preview"": ""              }""}, {""file"": "".github/workflows/auto-response.yml"", ""line"": 262, ""code_preview"": ""                }""}, {""file"": "".github/workflows/auto-response.yml"", ""line"": 263, ""code_preview"": ""              }""}, {""file"": "".github/workflows/auto-response.yml"", ""line"": 273, ""code_preview"": ""            }""}, {""file"": "".github/workflows/auto-response.yml"", ""line"": 288, ""code_preview"": ""              }""}, {""file"": "".github/workflows/auto-response.yml"", ""line"": 295, ""code_preview"": ""              }""}, {""file"": "".github/workflows/auto-response.yml"", ""line"": 305, ""code_preview"": ""              }""}, {""file"": "".github/workflows/auto-response.yml"", ""line"": 314, ""code_preview"": ""              }""}, {""file"": "".github/workflows/auto-response.yml"", ""line"": 316, ""code_preview"": ""            }""}, {""file"": "".github/workflows/auto-response.yml"", ""line"": 334, ""code_preview"": ""                }""}, {""file"": "".github/workflows/auto-response.yml"", ""line"": 337, ""code_preview"": ""              }""}, {""file"": "".github/workflows/auto-response.yml"", ""line"": 338, ""code_preview"": ""            }""}, {""file"": "".github/workflows/auto-response.yml"", ""line"": 353, ""code_preview"": ""                }""}, {""file"": "".github/workflows/auto-response.yml"", ""line"": 354, ""code_preview"": ""              }""}, {""file"": "".github/workflows/auto-response.yml"", ""line"": 355, ""code_preview"": ""            }""}, {""file"": "".github/workflows/auto-response.yml"", ""line"": 360, ""code_preview"": ""            }""}, {""file"": "".github/workflows/auto-response.yml"", ""line"": 377, ""code_preview"": ""              }""}, {""file"": "".github/workflows/auto-response.yml"", ""line"": 386, ""code_preview"": ""              }""}, {""file"": "".github/workflows/auto-response.yml"", ""line"": 395, ""code_preview"": ""              }""}, {""file"": "".github/workflows/auto-response.yml"", ""line"": 396, ""code_preview"": ""            }""}, {""file"": "".github/workflows/auto-response.yml"", ""line"": 419, ""code_preview"": ""              }""}, {""file"": "".github/workflows/auto-response.yml"", ""line"": 435, ""code_preview"": ""              }""}, {""file"": "".github/workflows/auto-response.yml"", ""line"": 450, ""code_preview"": ""              }""}, {""file"": "".github/workflows/auto-response.yml"", ""line"": 459, ""code_preview"": ""              }""}, {""file"": "".github/workflows/auto-response.yml"", ""line"": 460, ""code_preview"": ""            }""}, {""file"": "".github/workflows/auto-response.yml"", ""line"": 477, ""code_preview"": ""            }""}, {""file"": "".github/workflows/auto-response.yml"", ""line"": 488, ""code_preview"": ""            }""}, {""file"": "".github/workflows/auto-response.yml"", ""line"": 492, ""code_preview"": ""            }""}, {""file"": "".github/workflows/auto-response.yml"", ""line"": 497, ""code_preview"": ""            }""}, {""file"": "".github/workflows/auto-response.yml"", ""line"": 515, ""code_preview"": ""            }""}, {""file"": "".github/workflows/auto-response.yml"", ""line"": 524, ""code_preview"": ""            }""}]"
entry-00328,1,https://github.com/openclaw/openclaw,6aa11f30924ee08d0e6f36ede4877e44c553b984,trace[1],src/gateway/auth.ts,261,  },auth.ts L261 的闭合括号标记认证调用链在 auth 模块内部某一前置分支处理完毕、将执行权返还给外层逻辑的时刻，代表从 handleToolsInvokeHttpRequest（caller）流向 authorizeGatewayConnect() 内部（callee）后前置分支已执行但未能拦截请求的状态。随后，控制流继续向 trustedProxy 检查和 Tailscale 旁路分支推进，是漏洞路径中的中间过渡节点。,multiple_matches,"candidate_count=17; candidates=[{""file"": "".github/workflows/auto-response.yml"", ""line"": 67, ""code_preview"": ""            }""}, {""file"": "".github/workflows/auto-response.yml"", ""line"": 88, ""code_preview"": ""                }""}, {""file"": "".github/workflows/auto-response.yml"", ""line"": 89, ""code_preview"": ""              }""}, {""file"": "".github/workflows/auto-response.yml"", ""line"": 90, ""code_preview"": ""            }""}, {""file"": "".github/workflows/auto-response.yml"", ""line"": 95, ""code_preview"": ""            }""}, {""file"": "".github/workflows/auto-response.yml"", ""line"": 113, ""code_preview"": ""              }""}, {""file"": "".github/workflows/auto-response.yml"", ""line"": 122, ""code_preview"": ""              }""}, {""file"": "".github/workflows/auto-response.yml"", ""line"": 131, ""code_preview"": ""              }""}, {""file"": "".github/workflows/auto-response.yml"", ""line"": 132, ""code_preview"": ""            }""}, {""file"": "".github/workflows/auto-response.yml"", ""line"": 155, ""code_preview"": ""              }""}, {""file"": "".github/workflows/auto-response.yml"", ""line"": 171, ""code_preview"": ""              }""}, {""file"": "".github/workflows/auto-response.yml"", ""line"": 180, ""code_preview"": ""              }""}, {""file"": "".github/workflows/auto-response.yml"", ""line"": 181, ""code_preview"": ""            }""}, {""file"": "".github/workflows/auto-response.yml"", ""line"": 192, ""code_preview"": ""            }""}, {""file"": "".github/workflows/auto-response.yml"", ""line"": 197, ""code_preview"": ""            }""}, {""file"": "".github/workflows/auto-response.yml"", ""line"": 215, ""code_preview"": ""            }""}, {""file"": "".github/workflows/auto-response.yml"", ""line"": 224, ""code_preview"": ""            }""}]"
entry-00361,1,https://github.com/n8n-io/n8n,732f2a3d3ddba59fb6e51bf2534fd33792a2cde3,trace[1],packages/nodes-base/nodes/Xml/Xml.node.ts,250,);,随后，该行是 charkey 黑名单校验块中 NodeOperationError 抛出语句的闭合括号，代表最后一道字符串拦截逻辑的收尾。在调用栈下游，若 charkey 通过了此处有限的黑名单检查，执行流便不再受阻，直接流向后续变量声明与解析器实例化，是从入参校验段流向数据处理段的关键边界。,multiple_matches,"candidate_count=4; candidates=[{""file"": "".github/actions/ci-filter/__tests__/ci-filter.test.ts"", ""line"": 38, ""code_preview"": ""\t\t);""}, {""file"": "".github/scripts/bump-versions.mjs"", ""line"": 49, ""code_preview"": "");""}, {""file"": "".github/scripts/bump-versions.mjs"", ""line"": 83, ""code_preview"": ""\t);""}, {""file"": "".github/scripts/bump-versions.mjs"", ""line"": 98, ""code_preview"": ""\t\t\t\t);""}]"
entry-00396,1,https://github.com/openclaw/openclaw,be00fcfccba108f88dc3d4380146c6e058770b03,trace[2],src/auto-reply/reply/commands-approve.ts,163,  },在调用栈下游，Telegram 渠道专属审批人校验块的结构在此闭合。对于 Discord 请求，执行流在 L130 条件判断为 false 后直接越过整个 if 块并到达此关闭括号之后：L163 既是 Telegram 防护范围的边界，也是代码中应当插入 Discord 对等 approver 校验逻辑但实际空缺的结构位置，控制流自此不经任何审批人验证即向 critical_operation 方向推进。,multiple_matches,"candidate_count=36; candidates=[{""file"": "".agents/skills/openclaw-test-heap-leaks/scripts/heapsnapshot-delta.mjs"", ""line"": 13, ""code_preview"": ""}""}, {""file"": "".agents/skills/openclaw-test-heap-leaks/scripts/heapsnapshot-delta.mjs"", ""line"": 18, ""code_preview"": ""}""}, {""file"": "".agents/skills/openclaw-test-heap-leaks/scripts/heapsnapshot-delta.mjs"", ""line"": 35, ""code_preview"": ""    }""}, {""file"": "".agents/skills/openclaw-test-heap-leaks/scripts/heapsnapshot-delta.mjs"", ""line"": 40, ""code_preview"": ""    }""}, {""file"": "".agents/skills/openclaw-test-heap-leaks/scripts/heapsnapshot-delta.mjs"", ""line"": 45, ""code_preview"": ""    }""}, {""file"": "".agents/skills/openclaw-test-heap-leaks/scripts/heapsnapshot-delta.mjs"", ""line"": 50, ""code_preview"": ""    }""}, {""file"": "".agents/skills/openclaw-test-heap-leaks/scripts/heapsnapshot-delta.mjs"", ""line"": 52, ""code_preview"": ""  }""}, {""file"": "".agents/skills/openclaw-test-heap-leaks/scripts/heapsnapshot-delta.mjs"", ""line"": 56, ""code_preview"": ""  }""}, {""file"": "".agents/skills/openclaw-test-heap-leaks/scripts/heapsnapshot-delta.mjs"", ""line"": 59, ""code_preview"": ""  }""}, {""file"": "".agents/skills/openclaw-test-heap-leaks/scripts/heapsnapshot-delta.mjs"", ""line"": 62, ""code_preview"": ""  }""}, {""file"": "".agents/skills/openclaw-test-heap-leaks/scripts/heapsnapshot-delta.mjs"", ""line"": 65, ""code_preview"": ""}""}, {""file"": "".agents/skills/openclaw-test-heap-leaks/scripts/heapsnapshot-delta.mjs"", ""line"": 74, ""code_preview"": ""  }""}, {""file"": "".agents/skills/openclaw-test-heap-leaks/scripts/heapsnapshot-delta.mjs"", ""line"": 81, ""code_preview"": ""}""}, {""file"": "".agents/skills/openclaw-test-heap-leaks/scripts/heapsnapshot-delta.mjs"", ""line"": 93, ""code_preview"": ""        }""}, {""file"": "".agents/skills/openclaw-test-heap-leaks/scripts/heapsnapshot-delta.mjs"", ""line"": 96, ""code_preview"": ""        }""}, {""file"": "".agents/skills/openclaw-test-heap-leaks/scripts/heapsnapshot-delta.mjs"", ""line"": 102, ""code_preview"": ""    }""}, {""file"": "".agents/skills/openclaw-test-heap-leaks/scripts/heapsnapshot-delta.mjs"", ""line"": 109, ""code_preview"": ""    }""}, {""file"": "".agents/skills/openclaw-test-heap-leaks/scripts/heapsnapshot-delta.mjs"", ""line"": 122, ""code_preview"": ""    }""}, {""file"": "".agents/skills/openclaw-test-heap-leaks/scripts/heapsnapshot-delta.mjs"", ""line"": 131, ""code_preview"": ""    }""}, {""file"": "".agents/skills/openclaw-test-heap-leaks/scripts/heapsnapshot-delta.mjs"", ""line"": 139, ""code_preview"": ""  }""}, {""file"": "".agents/skills/openclaw-test-heap-leaks/scripts/heapsnapshot-delta.mjs"", ""line"": 144, ""code_preview"": ""  }""}, {""file"": "".agents/skills/openclaw-test-heap-leaks/scripts/heapsnapshot-delta.mjs"", ""line"": 152, ""code_preview"": ""}""}, {""file"": "".agents/skills/openclaw-test-heap-leaks/scripts/heapsnapshot-delta.mjs"", ""line"": 159, ""code_preview"": ""  }""}, {""file"": "".agents/skills/openclaw-test-heap-leaks/scripts/heapsnapshot-delta.mjs"", ""line"": 183, ""code_preview"": ""  }""}, {""file"": "".agents/skills/openclaw-test-heap-leaks/scripts/heapsnapshot-delta.mjs"", ""line"": 188, ""code_preview"": ""}""}, {""file"": "".agents/skills/openclaw-test-heap-leaks/scripts/heapsnapshot-delta.mjs"", ""line"": 193, ""code_preview"": ""  }""}, {""file"": "".agents/skills/openclaw-test-heap-leaks/scripts/heapsnapshot-delta.mjs"", ""line"": 196, ""code_preview"": ""  }""}, {""file"": "".agents/skills/openclaw-test-heap-leaks/scripts/heapsnapshot-delta.mjs"", ""line"": 198, ""code_preview"": ""}""}, {""file"": "".agents/skills/openclaw-test-heap-leaks/scripts/heapsnapshot-delta.mjs"", ""line"": 202, ""code_preview"": ""}""}, {""file"": "".agents/skills/openclaw-test-heap-leaks/scripts/heapsnapshot-delta.mjs"", ""line"": 206, ""code_preview"": ""}""}, {""file"": "".agents/skills/openclaw-test-heap-leaks/scripts/heapsnapshot-delta.mjs"", ""line"": 222, ""code_preview"": ""    }""}, {""file"": "".agents/skills/openclaw-test-heap-leaks/scripts/heapsnapshot-delta.mjs"", ""line"": 231, ""code_preview"": ""  }""}, {""file"": "".agents/skills/openclaw-test-heap-leaks/scripts/heapsnapshot-delta.mjs"", ""line"": 241, ""code_preview"": ""  }""}, {""file"": "".agents/skills/openclaw-test-heap-leaks/scripts/heapsnapshot-delta.mjs"", ""line"": 251, ""code_preview"": ""  }""}, {""file"": "".agents/skills/openclaw-test-heap-leaks/scripts/heapsnapshot-delta.mjs"", ""line"": 262, ""code_preview"": ""  }""}, {""file"": "".agents/skills/openclaw-test-heap-leaks/scripts/heapsnapshot-delta.mjs"", ""line"": 263, ""code_preview"": ""}""}]"
entry-00398,1,https://github.com/openclaw/openclaw,55cd272fe1a6822ec9be91022a257f195fe1639a,entry_point,src/gateway/server-methods/chat.ts,2032,"GatewayClientScopes: client?.connect?.scopes ?? [],",chat.send 处理器在构建 MsgContext 时，将 client?.connect?.scopes ?? [] 赋值给 GatewayClientScopes 字段，把调用方的权限集合（包括仅持有 operator.write 的情形）注入到贯穿整条消息处理管道的上下文中。这一赋值是漏洞利用链的入口，使下游指令解析与持久化逻辑在未施加额外 scope 校验的情况下可被低权限调用方触达。,no_match,candidate_count=0; candidates=[]
entry-00398,1,https://github.com/openclaw/openclaw,55cd272fe1a6822ec9be91022a257f195fe1639a,trace[0],src/gateway/server-methods/chat.ts,2011-2020,"GatewayClientScopes: client?.connect?.scopes ?? [],",chat.send 处理器在构造 MsgContext 对象时，将 client?.connect?.scopes ?? [] 赋值给 GatewayClientScopes，把本次调用方的权限集合封装进消息上下文。这是从 gateway caller 流向内部处理链的第一段传递，scope 信息由此随上下文向下游各层传播，为后续 canPersistInternalExecDirective 的读取以及漏洞触发时 verbose 分支的无检查执行奠定了基础。,no_match,candidate_count=0; candidates=[]
entry-00398,1,https://github.com/openclaw/openclaw,55cd272fe1a6822ec9be91022a257f195fe1639a,trace[1],src/gateway/server-methods/chat.ts,2173,"void dispatchInboundMessage({
  ctx,
  cfg,
  dispatcher,
  ...
});",在调用栈下游，dispatchInboundMessage 以携带 GatewayClientScopes 的 ctx 对象为主要参数被异步调用，将消息上下文从 chat.send 的 gateway 层传入自动回复与指令处理管道。这一步是从 chat.ts caller 流向 directive-handling 层 callee 的关键转交，使网关调用方的 scope 信息进入可被 canPersistInternalExecDirective 读取但对 verbose 分支不做校验的处理流程。,no_match,candidate_count=0; candidates=[]
entry-00399,1,https://github.com/openclaw/openclaw,55cd272fe1a6822ec9be91022a257f195fe1639a,entry_point,src/gateway/server-methods/chat.ts,2032,"GatewayClientScopes: client?.connect?.scopes ?? [],",GatewayClientScopes: client?.connect?.scopes ?? [] 位于 chat.send 方法组装 MsgContext 的阶段，将当前 gateway 连接客户端的实际 scope 集合（此场景下仅含 operator.write，不含 operator.admin）原样注入到消息上下文对象中。该字段随后沿调用链传入 persistInlineDirectives，决定（或本应决定）指令持久化时的权限上限。在漏洞链路中，这是调用方不足权限凭据进入消息处理流水线的起始注入点，为后续缺失鉴权的 verbose 持久化操作提供了通道。,no_match,candidate_count=0; candidates=[]
entry-00399,1,https://github.com/openclaw/openclaw,55cd272fe1a6822ec9be91022a257f195fe1639a,trace[0],src/gateway/server-methods/chat.ts,2032,"GatewayClientScopes: client?.connect?.scopes ?? [],",chat.send 方法在构建 MsgContext 时，将 client?.connect?.scopes 的实际值（operator.write scope 集合）赋给 GatewayClientScopes 字段，完成调用方身份信息向消息上下文的写入。这是漏洞链路的第一个节点：不足权限的 scope 随 MsgContext 进入下游的 auto-reply 处理流程，在后续 persistInlineDirectives 调用中被读取，但未被用于拦截 verbose 持久化操作。,no_match,candidate_count=0; candidates=[]
entry-00400,1,https://github.com/openclaw/openclaw,aa66ae1fc797d3298cc409ed2c5da69a89950a45,entry_point,src/gateway/server-methods/chat.ts,1452,"CommandAuthorized: true,
        GatewayClientScopes: client?.connect?.scopes,",chat.send handler 在构造 MsgContext 时将 CommandAuthorized 字段固定赋值为 true，并将客户端连接协商的 scopes 原样写入 GatewayClientScopes，对调用者是否具备 admin 权限未作任何过滤。这两处赋值共同构成权限绕过链路的入口，使得后续 session 层的重置鉴权无法获得准确的权限信息。,no_match,candidate_count=0; candidates=[]
entry-00477,1,https://github.com/FlowiseAI/Flowise,f0c1294173a55f26e0b972c39c0c16917f5ca9e7,entry_point,packages/server/src/routes/public-chatbots/index.ts,8,"router.get(['/', '/:id'], chatflowsController.getSinglePublicChatbotConfig)  // 入口：无任何认证中间件，path 在 WHITELIST_URLS 白名单中，全局认证中间件直接放行",,no_match,candidate_count=0; candidates=[]
entry-00477,1,https://github.com/FlowiseAI/Flowise,f0c1294173a55f26e0b972c39c0c16917f5ca9e7,critical_operation,packages/server/src/services/chatflows/index.ts,391,"return { ...parsedConfig, uploads: uploadsConfig, flowData: dbResponse.flowData, isTTSEnabled }  // 漏洞触发点：flowData 包含所有节点的 data.credential（credentialId UUID）原样返回给匿名调用者，应在此处删除或脱敏凭据引用字段",,no_match,candidate_count=0; candidates=[]
entry-00477,1,https://github.com/FlowiseAI/Flowise,f0c1294173a55f26e0b972c39c0c16917f5ca9e7,trace[0],packages/server/src/utils/constants.ts,10,"'/api/v1/public-chatbotConfig',  // 白名单放行条目：中间件 startsWith 匹配后跳过所有认证检查",,no_match,candidate_count=0; candidates=[]
entry-00477,1,https://github.com/FlowiseAI/Flowise,f0c1294173a55f26e0b972c39c0c16917f5ca9e7,trace[1],packages/server/src/index.ts,221,const isWhitelisted = whitelistURLs.some((url) => req.path.startsWith(url))  // 此处判断为 true，执行 next()，完全绕过 JWT/API Key 验证,,no_match,candidate_count=0; candidates=[]
entry-00477,1,https://github.com/FlowiseAI/Flowise,f0c1294173a55f26e0b972c39c0c16917f5ca9e7,trace[2],packages/server/src/index.ts,223,if (isWhitelisted) { next() }  // 缺失：应有对 chatbotConfig 端点的 ownership 或访问控制校验,,no_match,candidate_count=0; candidates=[]
entry-00477,1,https://github.com/FlowiseAI/Flowise,f0c1294173a55f26e0b972c39c0c16917f5ca9e7,trace[3],packages/server/src/controllers/chatflows/index.ts,246,const apiResponse = await chatflowsService.getSinglePublicChatbotConfig(req.params.id)  // chatflowId 来自路径参数，未验证调用者是否有权访问该 chatflow,,no_match,candidate_count=0; candidates=[]
entry-00477,1,https://github.com/FlowiseAI/Flowise,f0c1294173a55f26e0b972c39c0c16917f5ca9e7,trace[4],packages/server/src/services/chatflows/index.ts,366,const dbResponse = await appServer.AppDataSource.getRepository(ChatFlow).findOneBy({ id: chatflowId })  // 直接按 id 查询任意 chatflow，无工作区隔离,,no_match,candidate_count=0; candidates=[]
entry-00477,1,https://github.com/FlowiseAI/Flowise,f0c1294173a55f26e0b972c39c0c16917f5ca9e7,trace[5],packages/server/src/services/chatflows/index.ts,391,"return { ...parsedConfig, uploads: uploadsConfig, flowData: dbResponse.flowData, isTTSEnabled }  // flowData 内节点 data.credential 字段包含 credentialId，原样暴露给匿名用户",,no_match,candidate_count=0; candidates=[]
entry-00483,1,https://github.com/paperclipai/paperclip,a07237779bd5391a4683a754ed95249d57a49b2c,entry_point,server/src/routes/agents.ts,2012,"router.get(""/agents/:id/keys"", async (req, res) => {  // 入口：外部可达 GET 路由，无公司归属校验",,no_match,candidate_count=0; candidates=[]
entry-00483,1,https://github.com/paperclipai/paperclip,a07237779bd5391a4683a754ed95249d57a49b2c,critical_operation,server/src/services/agents.ts,595,"listKeys: (id: string) => db.select(...).from(agentApiKeys).where(eq(agentApiKeys.agentId, id))  // 直接用攻击者传入的 id 查询任意租户密钥，无 companyId 过滤",,no_match,candidate_count=0; candidates=[]
entry-00483,1,https://github.com/paperclipai/paperclip,a07237779bd5391a4683a754ed95249d57a49b2c,trace[0],server/src/routes/agents.ts,2013,assertBoard(req);  // 仅校验 actor 类型为 board，不校验所属公司,,no_match,candidate_count=0; candidates=[]
entry-00483,1,https://github.com/paperclipai/paperclip,a07237779bd5391a4683a754ed95249d57a49b2c,trace[1],server/src/routes/agents.ts,2014,const id = req.params.id as string;  // 路径参数直接使用，可传入任意租户的 agent UUID,,no_match,candidate_count=0; candidates=[]
entry-00483,1,https://github.com/paperclipai/paperclip,a07237779bd5391a4683a754ed95249d57a49b2c,trace[2],server/src/routes/agents.ts,2013,"// 此处应有 assertCompanyAccess(req, agent.companyId) — 缺失，未验证调用方是否属于该 agent 所在公司",,no_match,candidate_count=0; candidates=[]
entry-00483,1,https://github.com/paperclipai/paperclip,a07237779bd5391a4683a754ed95249d57a49b2c,trace[3],server/src/services/agents.ts,595,"listKeys: (id: string) => db.select(...).from(agentApiKeys).where(eq(agentApiKeys.agentId, id))  // 触发点：无租户边界，返回受害租户密钥列表",,no_match,candidate_count=0; candidates=[]
entry-00485,1,https://github.com/paperclipai/paperclip,a07237779bd5391a4683a754ed95249d57a49b2c,entry_point,server/src/routes/agents.ts,2040,"router.delete(""/agents/:id/keys/:keyId"", async (req, res) => {  // 入口：外部可达 DELETE 路由，吊销 agent API key",,no_match,candidate_count=0; candidates=[]
entry-00485,1,https://github.com/paperclipai/paperclip,a07237779bd5391a4683a754ed95249d57a49b2c,critical_operation,server/src/services/agents.ts,606,"revokeKey: async (keyId: string) => { db.update(agentApiKeys).set({ revokedAt: new Date() }).where(eq(agentApiKeys.id, keyId)) }  // 直接按 keyId 吊销，无公司归属校验",,no_match,candidate_count=0; candidates=[]
entry-00485,1,https://github.com/paperclipai/paperclip,a07237779bd5391a4683a754ed95249d57a49b2c,trace[0],server/src/routes/agents.ts,2041,assertBoard(req);  // 仅校验 actor 类型为 board,,no_match,candidate_count=0; candidates=[]
entry-00485,1,https://github.com/paperclipai/paperclip,a07237779bd5391a4683a754ed95249d57a49b2c,trace[1],server/src/routes/agents.ts,2042,const keyId = req.params.keyId as string;  // 攻击者控制的任意租户密钥 ID,,no_match,candidate_count=0; candidates=[]
entry-00485,1,https://github.com/paperclipai/paperclip,a07237779bd5391a4683a754ed95249d57a49b2c,trace[2],server/src/routes/agents.ts,2041,"// 此处应有 assertCompanyAccess(req, agent.companyId) — 缺失，可吊销任意租户密钥（DoS）",,no_match,candidate_count=0; candidates=[]
entry-00485,1,https://github.com/paperclipai/paperclip,a07237779bd5391a4683a754ed95249d57a49b2c,trace[3],server/src/services/agents.ts,606,"revokeKey: async (keyId: string) => { ... db.update(agentApiKeys).set({ revokedAt: new Date() }).where(eq(agentApiKeys.id, keyId)) ... }  // 触发点：无租户验证，直接吊销受害租户合法密钥",,no_match,candidate_count=0; candidates=[]
entry-00486,1,https://github.com/paperclipai/paperclip,a07237779bd5391a4683a754ed95249d57a49b2c,entry_point,server/src/routes/agents.ts,2012,"router.get(""/agents/:id/keys"", async (req, res) => {  // 入口：外部可达 GET 路由，无公司归属校验",,no_match,candidate_count=0; candidates=[]
entry-00486,1,https://github.com/paperclipai/paperclip,a07237779bd5391a4683a754ed95249d57a49b2c,critical_operation,server/src/services/agents.ts,595,"listKeys: (id: string) => db.select(...).from(agentApiKeys).where(eq(agentApiKeys.agentId, id))  // 直接用攻击者传入的 id 查询任意租户密钥，无 companyId 过滤",,no_match,candidate_count=0; candidates=[]
entry-00486,1,https://github.com/paperclipai/paperclip,a07237779bd5391a4683a754ed95249d57a49b2c,trace[0],server/src/routes/agents.ts,2013,assertBoard(req);  // 仅校验 actor 类型为 board，不校验所属公司,,no_match,candidate_count=0; candidates=[]
entry-00486,1,https://github.com/paperclipai/paperclip,a07237779bd5391a4683a754ed95249d57a49b2c,trace[1],server/src/routes/agents.ts,2014,const id = req.params.id as string;  // 路径参数直接使用，可传入任意租户的 agent UUID,,no_match,candidate_count=0; candidates=[]
entry-00486,1,https://github.com/paperclipai/paperclip,a07237779bd5391a4683a754ed95249d57a49b2c,trace[2],server/src/routes/agents.ts,2013,"// 此处应有 assertCompanyAccess(req, agent.companyId) — 缺失，未验证调用方是否属于该 agent 所在公司",,no_match,candidate_count=0; candidates=[]
entry-00486,1,https://github.com/paperclipai/paperclip,a07237779bd5391a4683a754ed95249d57a49b2c,trace[3],server/src/services/agents.ts,595,"listKeys: (id: string) => db.select(...).from(agentApiKeys).where(eq(agentApiKeys.agentId, id))  // 触发点：无租户边界，返回受害租户密钥列表",,no_match,candidate_count=0; candidates=[]
entry-00488,1,https://github.com/paperclipai/paperclip,a07237779bd5391a4683a754ed95249d57a49b2c,entry_point,server/src/routes/agents.ts,2040,"router.delete(""/agents/:id/keys/:keyId"", async (req, res) => {  // 入口：外部可达 DELETE 路由，吊销 agent API key",,no_match,candidate_count=0; candidates=[]
entry-00488,1,https://github.com/paperclipai/paperclip,a07237779bd5391a4683a754ed95249d57a49b2c,critical_operation,server/src/services/agents.ts,606,"revokeKey: async (keyId: string) => { db.update(agentApiKeys).set({ revokedAt: new Date() }).where(eq(agentApiKeys.id, keyId)) }  // 直接按 keyId 吊销，无公司归属校验",,no_match,candidate_count=0; candidates=[]
entry-00488,1,https://github.com/paperclipai/paperclip,a07237779bd5391a4683a754ed95249d57a49b2c,trace[0],server/src/routes/agents.ts,2041,assertBoard(req);  // 仅校验 actor 类型为 board,,no_match,candidate_count=0; candidates=[]
entry-00488,1,https://github.com/paperclipai/paperclip,a07237779bd5391a4683a754ed95249d57a49b2c,trace[1],server/src/routes/agents.ts,2042,const keyId = req.params.keyId as string;  // 攻击者控制的任意租户密钥 ID,,no_match,candidate_count=0; candidates=[]
entry-00488,1,https://github.com/paperclipai/paperclip,a07237779bd5391a4683a754ed95249d57a49b2c,trace[2],server/src/routes/agents.ts,2041,"// 此处应有 assertCompanyAccess(req, agent.companyId) — 缺失，可吊销任意租户密钥（DoS）",,no_match,candidate_count=0; candidates=[]
entry-00488,1,https://github.com/paperclipai/paperclip,a07237779bd5391a4683a754ed95249d57a49b2c,trace[3],server/src/services/agents.ts,606,"revokeKey: async (keyId: string) => { ... db.update(agentApiKeys).set({ revokedAt: new Date() }).where(eq(agentApiKeys.id, keyId)) ... }  // 触发点：无租户验证，直接吊销受害租户合法密钥",,no_match,candidate_count=0; candidates=[]
entry-00498,1,https://github.com/openclaw/openclaw,67ae576b9e8713bbc4aec24f2b325ad8bc84e787,entry_point,src/agents/sandbox/types.ts,38,cdpSourceRange?: string;  // 可选字段，默认 undefined — 无 source-range 限制时不注入环境变量,cdpSourceRange 字段在 SandboxBrowserConfig 接口中被声明为可选字符串（?: string），未设置任何默认值。这是缺失约束的源头：用户配置中一旦省略该字段，值将以 undefined 形式流入后续调用链，整个链路中不存在 fail-closed 回路，最终使容器内 source-range 环境变量保持缺失状态。,no_match,candidate_count=0; candidates=[]
entry-00498,1,https://github.com/openclaw/openclaw,67ae576b9e8713bbc4aec24f2b325ad8bc84e787,trace[0],src/agents/sandbox/config.ts,148,"cdpSourceRange: agentBrowser?.cdpSourceRange ?? globalBrowser?.cdpSourceRange,  // 无默认值，用户未配置则 undefined",配置合并函数从 agentBrowser 和 globalBrowser 两层配置中读取 cdpSourceRange 字段，以空值合并运算符（??）向上一层回退，但两层均无默认值，因此用户未配置时结果为 undefined。该赋值是从类型声明层流向运行时配置对象的传递节点，undefined 值随后作为 browser 配置的一部分被传入浏览器启动流程。,no_match,candidate_count=0; candidates=[]
entry-00498,1,https://github.com/openclaw/openclaw,67ae576b9e8713bbc4aec24f2b325ad8bc84e787,trace[1],src/agents/sandbox/browser.ts,157,const cdpSourceRange = normalizeOptionalString(params.cfg.browser.cdpSourceRange);  // undefined → null/undefined,normalizeOptionalString 调用接收来自 params.cfg.browser 的 cdpSourceRange 属性，将可能为 undefined 或空字符串的输入统一归一化为 falsy 值并赋给局部变量 cdpSourceRange。该步骤处于从配置读取层流向容器参数构建层的中间段，归一化后的 falsy 结果直接控制下游条件注入逻辑的走向。,no_match,candidate_count=0; candidates=[]
entry-00498,1,https://github.com/openclaw/openclaw,67ae576b9e8713bbc4aec24f2b325ad8bc84e787,trace[2],src/agents/sandbox/browser.ts,270,"if (cdpSourceRange) {
  args.push(""-e"", `${CDP_SOURCE_RANGE_ENV_KEY}=${cdpSourceRange}`);
}  // cdpSourceRange 为 falsy 时跳过，容器内 OPENCLAW_BROWSER_CDP_SOURCE_RANGE 不注入 → 空字符串",if(cdpSourceRange) 条件块在 cdpSourceRange 为 falsy 时跳过向 args 追加 -e 参数的操作，导致容器启动命令中不包含 OPENCLAW_BROWSER_CDP_SOURCE_RANGE 环境变量注入。该分支是从 Node.js 宿主进程流向容器内 shell 环境的关键截断点，随后容器内脚本将因该环境变量缺失而以空字符串初始化 CDP_SOURCE_RANGE。,no_match,candidate_count=0; candidates=[]
entry-00498,1,https://github.com/openclaw/openclaw,67ae576b9e8713bbc4aec24f2b325ad8bc84e787,trace[3],scripts/sandbox-browser-entrypoint.sh,12,"CDP_SOURCE_RANGE=""${OPENCLAW_BROWSER_CDP_SOURCE_RANGE:-}""  // 默认空字符串",容器启动脚本在初始化阶段将 CDP_SOURCE_RANGE 赋值为 OPENCLAW_BROWSER_CDP_SOURCE_RANGE 的展开值，若该环境变量未被注入则默认取空字符串。该赋值是从宿主进程环境变量层流入容器内 shell 变量层的接收节点，空字符串的结果随后传入下游的 -n 检测逻辑，决定是否向 SOCAT_LISTEN_ADDR 附加 range= 约束。,no_match,candidate_count=0; candidates=[]
entry-00498,1,https://github.com/openclaw/openclaw,67ae576b9e8713bbc4aec24f2b325ad8bc84e787,trace[4],scripts/sandbox-browser-entrypoint.sh,178,"if [[ -n ""${CDP_SOURCE_RANGE}"" ]]; then
  SOCAT_LISTEN_ADDR=""${SOCAT_LISTEN_ADDR},range=${CDP_SOURCE_RANGE}""
fi  // CDP_SOURCE_RANGE 为空 → 跳过 range= 附加，socat 以无限制模式启动",-n 检测块判断 CDP_SOURCE_RANGE 是否为非空字符串，仅当非空时才向 SOCAT_LISTEN_ADDR 追加 range= 参数以限制连接来源；CDP_SOURCE_RANGE 为空字符串时条件不成立，range= 子句被跳过。在调用栈下游，SOCAT_LISTEN_ADDR 保持仅含 bind=0.0.0.0 的形式，直接传入 socat 命令执行，使中继服务在无来源过滤的状态下启动。,no_match,candidate_count=0; candidates=[]
entry-00499,1,https://github.com/openclaw/openclaw,67ae576b9e8713bbc4aec24f2b325ad8bc84e787,entry_point,src/security/audit-extra.sync.ts,848,const browserExposurePaths: string[] = [];  // 安全审计入口：检查 CDP bridge 是否 unrestricted,,no_match,candidate_count=0; candidates=[]
entry-00499,1,https://github.com/openclaw/openclaw,67ae576b9e8713bbc4aec24f2b325ad8bc84e787,critical_operation,src/security/audit-extra.sync.ts,875,"checkId: ""sandbox.browser_cdp_bridge_unrestricted"",
severity: ""warn"",  // 此处应有却缺失的约束：安全审计仅以 warn 级别提示，未阻断容器启动；且仅针对 network=bridge 做检查，其他 network 模式的暴露漏检",,no_match,candidate_count=0; candidates=[]
entry-00499,1,https://github.com/openclaw/openclaw,67ae576b9e8713bbc4aec24f2b325ad8bc84e787,trace[0],src/security/audit-extra.sync.ts,850,"if (
  defaultBrowser.enabled &&
  normalizeOptionalLowercaseString(defaultBrowser.network) === ""bridge"" &&
  !defaultBrowser.cdpSourceRange?.trim()
) {  // 仅检查默认 bridge 网络 + 未配置 cdpSourceRange 的情形",,no_match,candidate_count=0; candidates=[]
entry-00499,1,https://github.com/openclaw/openclaw,67ae576b9e8713bbc4aec24f2b325ad8bc84e787,trace[1],src/security/audit-extra.sync.ts,873,"if (browserExposurePaths.length > 0) {
  findings.push({ checkId: ""sandbox.browser_cdp_bridge_unrestricted"", severity: ""warn"", ... })
}  // 结果仅为 warn，不阻断流程；且 audit 为离线检查，不影响运行中容器",,no_match,candidate_count=0; candidates=[]
